<?xml version="1.0" encoding="UTF-8"?>
<project-private xmlns="http://www.netbeans.org/ns/project-private/1">
    <editor-bookmarks xmlns="http://www.netbeans.org/ns/editor-bookmarks/2" lastBookmarkId="0"/>
    <open-files xmlns="http://www.netbeans.org/ns/projectui-open-files/2">
        <group>
            <file>file:/C:/Users/Juan%20Carlos/Documents/NetBeansProjects/POOBTriz/src/poobtriz/POOBTrizForm.java</file>
            <file>file:/C:/Users/Juan%20Carlos/Documents/NetBeansProjects/POOBTriz/src/poobtriz/HiloPOOBTriz.java</file>
            <file>file:/C:/Users/Juan%20Carlos/Documents/NetBeansProjects/POOBTriz/src/poobtriz/HiloDosJugadores.java</file>
            <file>file:/C:/Users/Juan%20Carlos/Documents/NetBeansProjects/POOBTriz/src/poobtriz/ModoDosJugadores.java</file>
            <file>file:/C:/Users/Juan%20Carlos/Documents/NetBeansProjects/POOBTriz/src/poobtriz/Tablero.java</file>
            <file>file:/C:/Users/Juan%20Carlos/Documents/NetBeansProjects/POOBTriz/src/poobtriz/SiguienteTetromino.java</file>
            <file>file:/C:/Users/Juan%20Carlos/Documents/NetBeansProjects/POOBTriz/src/poobtriz/POOBTriz.java</file>
            <file>file:/C:/Users/Juan%20Carlos/Documents/NetBeansProjects/POOBTriz/src/poobtriz/InicioForm.java</file>
        </group>
    </open-files>
</project-private>
