<?xml version="1.0" encoding="UTF-8"?>
<project-private xmlns="http://www.netbeans.org/ns/project-private/1">
    <editor-bookmarks xmlns="http://www.netbeans.org/ns/editor-bookmarks/2" lastBookmarkId="0"/>
    <open-files xmlns="http://www.netbeans.org/ns/projectui-open-files/2">
        <group>
            <file>file:/C:/Users/Juan%20Carlos/Documents/NetBeansProjects/POOBTriz/src/tiposTetrominos/TetrominoJ.java</file>
            <file>file:/C:/Users/Juan%20Carlos/Documents/NetBeansProjects/POOBTriz/src/tiposTetrominos/TetrominoO.java</file>
            <file>file:/C:/Users/Juan%20Carlos/Documents/NetBeansProjects/POOBTriz/src/tiposTetrominos/TetrominoS.java</file>
            <file>file:/C:/Users/Juan%20Carlos/Documents/NetBeansProjects/POOBTriz/src/tiposTetrominos/TetrominoT.java</file>
            <file>file:/C:/Users/Juan%20Carlos/Documents/NetBeansProjects/POOBTriz/src/tiposTetrominos/TetrominoL.java</file>
            <file>file:/C:/Users/Juan%20Carlos/Documents/NetBeansProjects/POOBTriz/src/tiposTetrominos/TetrominoZ.java</file>
            <file>file:/C:/Users/Juan%20Carlos/Documents/NetBeansProjects/POOBTriz/src/tiposTetrominos/TetrominoI.java</file>
        </group>
    </open-files>
</project-private>
